Post ID,Title,Post Content,Upvotes,Comments
1hwvk3s,How to check valo shop from phone ,Where i can find The shop. I want to check when im not home or when im home but lazy. Plz some tell me i need it.,2,1
1hwvar3,What happened in this clip?,It's only a swiftplay but I shot him...right?? I'm sorry if this post seems dumb but I can't figure it out. Edit: I’m not talking about my aim by the way. I gave him two body shots and died full health to one leg shot. What is going on?  https://reddit.com/link/1hwvar3/video/smcs90xv6ube1/player  ,1,2
1hwuyuu,Why has Valorant better Anticheat than Fortnite?,Fortnite is full of cheaters. There are FNCS winner where cheating.  Why is Valorants Anticheat better than Easy Anticheat?  ,0,9
1hwu2j4,Is everybody else ONLY getting fracture and lotus?,New map pool came out this season and for some reason I’ve played every single placement game and I’ve played either or every single time,6,6
1hwu0zm,Can someone help me figure out which way I'm supposed to be moving when I strafe and shoot?,"I don't know how to verbalize it effectively.  So I learned Woohoojin's aim routine, where a bot spawns on the left side, you want to move to the right while over shooting your crosshair, and then use your movement to align it with the head and shoot.  But while watching the ""demo guy"" show his aim routine. If you slow it down, he undershoots and then strafes the direction he's moved his crosshair.   So the difference would be ""Enemy on left, strafe right + overshoot, adjust."" vs ""Enemy on left, strafe left + undershoot, adjust.""  I'm not sure if I'm making sense, but here's a video. (Granted I am no where near as good as Demo Guy, but hey, that's what practice is for)  Demo Guy (0:05 - 0:11) https://www.youtube.com/watch?v=vWVc_rknBcM  Myself https://streamable.com/1knm7y  The muscle memory is heavily ingrained now, but I'm trying to do some analyzing of better players and comparing their shots/fights to my own, any help would be appreciated!  Sens .33 / 800 DPI  EDIT: Here's a vod of my doing medium bots. https://streamable.com/agtsby, I tried to be as candid as possible, rather than trying to upload my perfect score.",2,1
1hwsjx8,Is there anyway to play true stretch res anymore?,I got back into valorant and i Play cs2 mostly with stretch res and wanted to know if there’s a way to play true stretch res anymore ,1,1
1hwrfb8,"Don't play much, but how does this work?","Finished Episide 9: Act 3 with a peak rank of diamond (almost hit diamond 2 but that's irrelevant), but for my gun buddy only recieved an Episode 9 platinum buddy. Does the buddy you get not depend on the highest rating you get for that episode, or is it an average of your ranks?     Jasper#8009 ",5,7
1hwr6aw,mute character voice lines,"so we have a griefer, afk since round 1, he just moves his mouse and move a little bit and moans on Mic. then he realized we dont need him because we are still winning so he started sabotaging our plays... we are playing in Abyss and since he is playing raze he can satchel our ass off the cliff, ults us and throws any potential gun for looting off the cliff. on attack is much simplier, he just gets spike and throws it on enemy site...  his gimmicks are manageable but what i cant take, are the annoying character voice lines he spams every second since we already muted him on round 1...  RIOT please add a feature to mute voice lines. and ffs, how do people find throwing enjoyable for 18 rounds straight.",1,2
1hwr5p3,New Act,"When exactly does the new season and act start, as well as the new competitive queue? If anyone knows an exact time, Eastern Standard Time or Central Standard Time or even Pacific Time work ngl, (I'm filling the 100 characters rn)",0,1
1hwqr8m,Console Rank Gun Buddies?,"Episode is over, where is my ranked gun buddy… is console not getting it or this a PC only type of thing.? ",1,8
1hwqccg,Console 10.0 Update Issues,"Hello I was just wondering if anyone on console has gotten access to 10.0 update and Tejo. My game says it updated, and I get the Tejo splash green when loading, I even get him as an option in the Home page above the system notification tab; he is however nowhere to be seen in the agent list.",2,2
1hwqanq,Audio messed up,"When I listen to music from YouTube, and get queued into a game, the music changes tone, making it sound worse (according to me). As soon as I leave the match (either if someone queue dodges or if the match ends) sound goes back to normal, anyone else experienced this problem? Any solution?",1,3
1hwpggb,Does anyone know how to get rid of inconsistencies while playing?,"My aim, util usage, and general game sense always varies from game to another and I’m not sure why. Some help would be appreciated!",0,11
1hwp8ns,Did Console not get any Gun Buddies?,I just logged onto my console and I saw that I only got my Diamond gun buddy from PC and not the Immortal buddy from console. Did this happen to anyone else and did anyone get their console buddy?,5,4
1hwp435,HRTF or Logitech 7.1 Surround Sound?,"Hey guys i've been using my Logitech 7.1 Surround sound the whole time and can hear Footsteps very accurately and precise. I heard using the HRTF Settings might be better, but I can't stand it at all. Sound in general sounds very dull and I am not able to pin point the direction from my enemy and how close they are at all. And yes I used it with my stereo settings from my headset / stereo ingame.      Does somebody feel the same with it ?",1,1
1hwovkk,Araxys 2.0,"people that used araxys 2.0 is it worth it after using it this much ? im planning on buying the bundle i saw so many people saying not to, any thoughts please thanks  https://preview.redd.it/xxy6pk8mwsbe1.jpg?width=1919&format=pjpg&auto=webp&s=63cd097d4aef0a5845e2bfa0460bed8ce4305b11  ",2,6
1hwo8ak,does anyone have images of the new battle pass?,"i found this image but it looks fake, does anyone have actual images of the stuff from the battle pass?",5,7
1hwn9mk,Servers down? ,"I’m in the north east US, anyone else experiencing an issue not being able to play? If so does anyone have any idea when it’ll be back up ",3,10
1hwmqgd,What will help with my aim?,I just started playing val like within the last month. Does anyone have any recommendations that will help with my aim? I can hit the people but can never seem to hit head shots. very rarely and most of the time i accidentally do it.  Also any other tips of how to get better with game sense and other things like that would be helpful! (: ,2,6
1hwkp7e,When will we get Episode 9 rank gun buddy?,"Just logged in and saw that I don’t have the episode 9 gun buddy yet. Do I need to play a placement game, or when will we get it?",1,9
1hwkiu0,About the scheduled maintenance.,Anyone know when the scheduled maintenance will be done or around when they should be finished? How long does the system maintenance usually take?,19,110
1hwiss5,How many hours left for ranked.,Does anyone know how many hours are left until ranked becomes unavailable? Wanted to know if it's worth coming home today for some valorant ,0,9
1hwipcy,How can I stop tilting? (Immortal 2 Current),"I genuinely cannot anymore. I have completely stopped tilting at my teammates, but now I just can't help but start tilting at my own performance. I can be playing really well during the first few rounds, but then when I whiff just a few shots, I start tilting and my performance harshly drops.  I've been playing super bad recently because of this, I can't even control it anymore. ",13,19
1hwi93g,Best Agent to Play as a New Trash Player?,"Hello! I’m very new to Valorant and I’ve very quickly figured out I am absolute garbage at it and there doesn’t seem to be much improvement over the last few days I’ve been playing. I’m somewhat good at CS2 but Valorant just doesn’t click for me. That being said, it’s still enjoyable to play with friends and I don’t mind the fact that I’m trash and they don’t seem to either.   I’m making this post to get some insight on what Agent I should get that I’ll be able to use and still be supportive and help the team out. I was looking at Sage so I can stay back and heal my team and provide defense and such but she gets picked super often. Are there any other options? Any help would be appreciated!",1,4
1hwhkzf,Whats the best sounding phantom?,Just the sound. I feel that is the most important thing for me. Animations and finishers is good but not all that important for me.  ,32,58
1hwhf1u,Can't go past b3,"I can't go past b3 because I'm always getting queued with Golds and silvers for some reason and I'm the only bronze in the lobbies, does anyone have some advice to help me improve my game sense to match them (I know silver and gold are considered low elos but I feel like I'm getting one taped every time) (I play Sova, Fade and Iso)",0,1
1hwgvfm,Was I killed by a Molotov headshot?,"I was walking in the smoke and then suddenly died. This was what it showed me. Is this a bug, or can you actually be killed by a Molotov to the head?  https://preview.redd.it/fezm8jwtvqbe1.png?width=380&format=png&auto=webp&s=3f8f4e95532da397b86a2116a23d08af411ccfa2  ",3,1
1hwgp8c,any advice on how not to tilt and dealing with losses,for context i was immo 2 (apac) just 2 days ago but now im at 4rr after losing just 4 games so uhh yeah anyways i guess i did pretty bad on 2 games but like it feels like everytime i do bad/see someone sell/i myself sell or just lose the game i just get really tilted and just blame myself for it. ive taken a break before too (after i got immo 2) didnt rlly help much. is there anything i can do or say to myself or idk something so that i tilt less? i wanna play this game for enjoyment like most people do but just cant seem to. its the same in any game with a ranked system i just tilt at everything and cant seem to do much about it :(,3,8
1hwfqkg,can devs manipulate ping?,"i was in an unra game once and someone manipulated my ping making it go from 20 to a constant 400, they told me they were a dev and if i won a 1v1 against them theyd give me the riot buddy.",0,4
1hwfbsv,flex cosmetic,Anyone else on Xbox not seeing FLEX in collection? I know Tejo is staggered drop but it says FLEX should be available....,0,2
