Post ID,Title,Post Content,Upvotes,Comments
1hwpxuj,"Fracture is BACK, and this Cypher guide is GOATED",,2,0
1hwdh1l,Im a new player and need an idea of what my priorities should be. ,"Coming from R6 and Im not the best at it, but here I am. I wanna know what mechanics I should learn first or just tips to control sprays and stuff like that. Does crouching help? Does counter strafing really work? (I have no CS experience btw)",1,6
1hwawqx,Rate my range drills.,I am a new player who started playing valorant last act. This was my first fps game and I am currently hardstuck at B3. My current goal for this act is to get to gold but I am really struggling currently so I decided to practice some drills.  Most of these drills are from woohoojins one month to gold vid(orignal one)  1. Woohoojin Overflick(2times 30 Bots) 2. Woohoojins Underflick(2times 30bots) 3. Woohojins Fast Flick(Flicking as fast as possible with aim+movement) 4. Woohoojin Micro flick 5.Woohoojin Burst Fire( from the benchmark vid) 6. Tracking bot head while moving,1,10
1hvns0m,What's a way to improve my aim?,"I'm sure this question has been posted hundreds of times on this sub so I'll keep it quick. My aim is really lacking compared to things like my game sense and positioning. How do I bring my aim up to par with those things?  Also, I've been doing aimlabs for 30-60 mins a day for a week or so and don't feel much improvement any advice?",2,12
1htrce2,Ranked cypher set-ups,"I'm in bronze and I was wondering if anyone could give me a good set-up because I always feel like I'm not doing enough  Edit: my trip locations are not the best, for example on haven C I would trip long and garage but I haven't tripped anyone in garage at all since I got cypher",1,4
1hqh5bn,reached Immo after 1800 hours through all ranks,"finally reached immo after grinding through pretty much every rank past Silver, happy to give any tips to anyone looking to do the same   tracker: [https://tracker.gg/valorant/profile/riot/Nolard%23SZS/overview?season=all](https://tracker.gg/valorant/profile/riot/Nolard%23SZS/overview?season=all)",51,57
1hoev9a,This guide really helped me! Win More by Doing Less,,0,1
1ho3clm,You can abuse the use of gekko's Dizzy in team deathmatch,"in most maps you can support your team by sitting back in safe spot and throwing it ""infinitely"" at the sky and pick it up over and again with low time recharge and even if you die you can still pick it up from the ground after respawn without the equip timer, im not saying it will be necessarily  fun but if you like giving your team free kills while making your opponent really mad you can try it",316,57
1hmgw6i,Proof that you don’t need to be a good player to rank up ,"[ https://imgur.com/a/mryN1TZ ]  My first pc game (if you don’t count a few hrs of csgo when I was really smol), all under 500 hours of total gameplay, 300-350 of competitive gameplay. Also omen main for the last push from diamond to asc, used to play sova, gekko, clove before that.. hardly have 2-3 games as a duelist after iron. Never had the best or close to good stats consistently but I just kept winning. What helped me was probably a lot lot of time spent on esports and some aim training (although my hs% has always been so so bad, only in dia 3 I used to hit 25 consistently, was close to 16 till dia 1). Learned the correct way to hold the mouse in plat (using two fingers and not 3 on top, maybe placebo but made my aim a lot more steady). Everything was solo queue. It’s a beautiful game, but very addictive.. probably never playing it again",18,9
1hjcvvr,How To Time Remap Valorant Clips SMOOTHLY on Premiere Pro (Tutorial),,2,0
1hiyoma,I want to try coaching!,"hey guys, my internet is kinda bad these days so I want to try coaching someone!  you'll have to promise to put in the work though  current ranks is plat, so if you're up for it lemme know!",0,12
1hhs490,Diamond 3 stuck,Hello guys. I Have been playing Valorant on and since first year. I recently got back aftet a big hiatus and have been stuck in Diamond. I usually play Cypher or Sova (recently went into Deadlock as well) for support as my aim/flicking isnt the best.Ill link mu tracker so you guys can see if there are any glaring problems. Thanks https://tracker.gg/valorant/profile/riot/flekx%23100/overview,2,16
1hgzb9r,New to pc valorant ,"Hello. I am addicted to valorant on console and I’ve been playing Val there since it arrived. However, I just switched to pc and unfortunately I am having a hard time adjusting. I cannot do any of the movement that I’m capable of on console and I can’t win a gunfight to save my life. I was asc2 on console and didn’t wanna sit through videos talking to me like I’ve never played a round before. just wanted any general tips as someone who understands the core mechanics reasonably well and might need to change how I approach a fight without aim assist. My crosshair placement is decent enough but sens has been a big topic on my mind. I want to be able to 180 quickly but I also value slower sens for micro adjustments. The focus mode on console has spoiled me. Anything is appreciated friends. Thank you",2,3
1hgn3cr,I Need comp tips,"I'm silver 3 and Today, I practiced my aim for 30 minutes straight with aimlabs and range, then did a TDM. I was feeling good and was MVP in the TDM I then hopped on a game wiht my gold 3 duo but played sh*t. I WAS IN 2-12 which isnt What I usually have in game we ended up losing 12-2 I was dying so quickly and i didn't understand how. Pls give me tips😭😭 I want to get out of silver",1,4
1hgk80y,Lineups for every choke on Sunset from one spot VYSE,,75,3
1hgcw2y,"Introducing Valofessor.gg, a new in-game app by the Porofessor.gg team","Hey everyone! 😁  I'm part of the team behind **Porofessor.gg**, one of the most popular in-game apps for League of Legends. For the past year, we've been working on a new in-game app and companion website for Valorant, and we would like to show you our progress and hear your thoughts on what we can improve!  [Valofessor](https://www.overwolf.com/app/M.O.B.A._Network-Valofessor)'s current BETA features:  - **Spike Timer Overlay** - once the spike is planted, a discrete timer pops up on your screen, keeping track of how many seconds are left until the spike is detonated ([preview](https://i.imgur.com/AytOalA.mp4)) - **Agent Select Screen** - while selecting your agent, Valofessor will provide you with stats and performance based tags for yourself and your teammates; you'll be able to find stats on overall performance, and also agent specific performance ([preview](https://i.imgur.com/Roj6bW2.png)) - **Loading Screen Overlay** - while waiting for everyone to load in, Valofessor will display key stats and performance tags of each player, and also stats and tips related to the map you're playing on, while allowing you to view the most frequent planting spots and peeks with the weapon of your choosing ([preview](https://i.imgur.com/QKc9X3L.png)) - **In Game Website Browsing** - take advantage of the [Valofessor.gg website](https://valofessor.gg/)'s useful stats and access your player profile right in game without tabbing out; you can find stats on agents, maps and weapons in just a few seconds! - **Post Match Summary** - once the match is over, you'll be instantly provided with an in-depth summary of everyone's performance; find out who was your nemesis, who had the most positive performance tags, and of course, which enemy struggled the most against you! The summary of any match can be accessed via your Valofessor profile match history  If you would like to try [Valofessor](https://www.overwolf.com/app/M.O.B.A._Network-Valofessor), it is available for download on [Overwolf](https://www.overwolf.com/app/M.O.B.A._Network-Valofessor) right now! Valofessor respects and complies with Riot's ToS and guidelines and is completely safe (and free!) to use.  It's important to keep in mind that [Valofessor](https://www.overwolf.com/app/M.O.B.A._Network-Valofessor) is still in BETA and not many players have used it yet. That means the Agent Select Screen and Loading Screen Overlay will feel a little empty, as most players haven't shared their profiles with us in order to display their data publicly. In addition, you may experience bugs every now and then, but with every new version we reduce the number of bugs and improve stability.  We have much more work to do and cool features planned, but in order to make [Valofessor](https://www.overwolf.com/app/M.O.B.A._Network-Valofessor) an amazing app for everyone to enjoy, we need your thoughts and feedback on what we can improve, and also ideas on what other cool features you would like to see in the future! 😊  Feel free to share your thoughts under this post or in our [Discord](https://discord.gg/fhKN9EG84y). We're pretty active!",177,145
1hffatm,Taking B12 changed my attitude and overall performance,"So Im playing a lot basically, competitive aswell. I have ADD, I got distracted a lot and I could became toxic really quickly, it’s not like I was toxic with my teammates but my overall attention was on things that you aren’t even supposed to be care about in the game.  Now Im lucky to have a lot of beef in my fridge and that I have a lot of liver to be specific because it contains a lot of B12.   So yesterday I cooked up some and my overall performance + attitude skyrocketed compared to what was happening to me for years.  A good diet can change a lot, even when it comes to gaming. You just have to realize what you lack of. So I highly recommend beef liver if you have ADHD or ADD, even a suppliment or an energydrink(well with the last be careful)",15,24
1he5yln,Need some tips on Skye flashes,After i came back to valorant after a year. The only thing i cant adapt to are the non rechargable flashes. I get that having 4 flashes per round is kinda broken but still. My playstyle is so used to having that many flash per round that now i even hesitate to use it for gathering info. I need some tips on how to maximize the value of my flashes,8,9
1hdy3ho,I want to expand my knowledge,"I’ve been playing on and off for the past months due to system issues, but now I can play whenever. I have a passion for the game and want to improve. I main Reyna, but I want to branch out to more complex roles other than fragging. Any tips or intuitive comments to get me learning? I wouldn’t say I’m dumb as a rock I certainly know my way around things, but I want to play at a very high level.",1,7
1hdsmz0,I created 70+ new lineups for VYSE on all the maps,"[https://www.youtube.com/watch?v=wHLjMBSainM](https://www.youtube.com/watch?v=wHLjMBSainM)  So backstory. I have been wanting to make a lineup guide for Vyse ever since I saw how far you can throw the thorns, and the potential to throw thorns for any site the enemy team pushes. Now that the damage on them got buffed, I feel like it is a good time to actually put in the work to have consistent lineups for her.  Originally, I was going to upload this a few days ago. But then patch 9.11 dropped, and half my lineups got obliterated because they don't work on heights as well anymore. I mostly made it because I saw there were no lineups guides so far on the agent, and I needed something to actually learn from. So why not make it myself and learn from my own video 🤣  Suffice to say that it took me nearly 50 hours to complete. But hey, now I get to make my ranked enemies mad in all chat. I already have quite a few clips showcasing how ridiculous this is to play against, so don't blame me if you're in high elo and start seeing this.",3,0
1hdhggd,"If you really want to climb, just insta-lock deulist. (Seriously)","I have been playing this game since the first year.  I'm 30 now and my aim has never been stellar given this is my first FPS on PC.  Because of that, I have always played supporting players like Brim, Cypher, and Gekko when I'm feeling spicy.  I have slowly dragged myself up from B1 to D1 since starting this ""journey.""  Unfortunately, as of late, matchmaking just hasn't been as stellar (throwers, toxic teammates, etc.) and when you are playing in a supportive way, if your team isn't together, it's just a loss.  With that, for the first time, I started playing Iso. I'm not great with the mobility agents, so Iso seemed like a better fit (especially given my worse aim).  When I tell you, the rr difference is crazy.  I don't know if it's because I take more initial fights or what, but when I lose, I lose less rr (around 10-15 when before it was 20+) . When I win, its substantially more rr (mid 20s when before it would be around 18).   My K/D isn't much different, and even on the losing games I am typically negative K/D no question.  Tl;dr if you're like me and you want to climb, and you tell yourself you want to be a good teammates and play supportive? Don't. Be greedy. Play deulist. Take fights. Climb faster.",77,35
1han7bq,"If you got a carry, you shouldn’t lurk. ","So I just figured this out from my recent games. There’s a lot of games where I would perform poorly and get almost 0 kills, during these games I would think “well shit, my team is better without me”. But those games almost always end up as a loss. You would think someone who goes 4/15/2 wouldn’t be able to achieve anything even if they went with their team. But the thing is, even if you just add another death, you would have been more useful than if you went lurking just for the sake of feeling useless.   My recent game is a big example of this. So we had 2 smurfs with us that were recking the enemy team on defence and at the start of our attack rounds, but then out of nowhere we started losing rounds, our smurfs stopped getting kills and died just the same as the rest of the team. Main reason for this was because our 2 other players who had horrible scores decided to go lurking and die somewhere on the map where which we didn’t care about, and after a long motivational speech, they got back together with our team and poof! We won the rounds. Why did we win? Our 2 other teammates got 0 kills and 0 assists during those rounds, yet..   The importance weren’t their useful utility, nor their kills, it was that their deaths gave info to the rest of the team that could be taken advantage off, or that they could be traded.   So next time you got 0 kills and feel like everything is hopeless, continue dying with your team, because the players with kills will be able to make use of you no matter how badly you are doing, the worst thing you can do is lurk in a place no one are and die without anything.  Edit: typos  Edit2: I wanna point out this is a lesson and learnt myself, being a silver 3 player. I’m not saying this is something you should do in radiant lobbies. Just in lobbies where there’s no comms and you can basically only rely on yourself. I’m neither saying lurking is bad. I’m saying abandoning your team because you feel it’s lost is bad. ",374,55
1hafcth,Low Mentality and Hardstuck,"Hey all, this is my first post regarding Valorant. I started playing about a year and a half ago and I have hit my plateau. I’m hardstuck in gold, while I have managed to climb to Plat 1 a couple times solo queueing and playing against diamonds I proceed to lose plat because of my inability to play against silvers. I don’t understand how I can win against players way out of my league and then proceed to practically bot frag in silver and gold. Granted towards the end of this season I have become more comfortable and have even been playing sentinels more (I’m a smokes main) while I have been keeping up and improved my KD, I can’t rank up. I have been playing on my alt account which is set in Gold elo as well and I’m top fragging every game and out aiming all my opponents. As soon as I switch to my main I instantly play awful. I feel as though this might correspond with low mentality and ranked performance anxiety. If anyone has any tips and suggestions please feel free to share them! I play sentinels and smokes typically and I solo queue every game. (If any other females out there in the same boat want to duo feel free to hit me up)  Thank you,  A hardstuck smokes player ",2,12
1ha8jiv,A tip for all you Iron-Bronze players out there.,"Do you have bad aim and can’t seem to hit some of the easiest shots?  Me too. (I’m also hardstuck bronze 3 since act 4) one thing i’ve noticed when spectating in bronze/iron lobbies is that whenever someone walks into your crosshair, people more often than not tend to flick away from the head and shoot next to the enemy.  Instead of playing aimlabs, trust that your aim is good enough already as it is, and remember that you don’t have to move your crosshair if they walk into it.  (If this tip still doesn’t work for you, use aimlabs.  It’s free.)",0,21
1ha8eoq,Tips for KAY/O Mains?,"Hi, I'm a Silver 1 Kay/o main and I get little to no success at ranking up. I always entry, sometimes die in the process, and lose the round. But when I stay alive, we win the round with 2/3 players alive. I have pretty good util usage imo and I can make up a pretty good strategy but my teammates usually just ignore it and do what they think is right. Also, please don't say stuff like dont die or get better, that doesn't really change anything as I do my role and still outfrag half of my team usually.",6,34
1h9xj9a,The ONLY Viper Split Guide You’ll Need in 2025 – Pro Lineups & Tactics | Valorant,,0,0
1h9m9d5,how to get your valorant desktop shortcut back,"hey there, for anyone wondering, if you lost your desktop shortcut for val, it should be here: C:\\ProgramData\\Microsoft\\Windows\\Start Menu\\Programs\\Riot Games",0,2
1h9dpjb,"Can I please get some help. I feel that my aim has been getting worse over the last month, no matter how hard I try to improve","This is a deathmatch I just played. This deathmatch is a much better round than I typically play, I normally get about 15-25 kills on average. I have noticed I struggle with tracking and trigger discipline, I'm just not sure how to get better at those effectively. Also please let me know on anything else I can improve and how. Thank You!  https://reddit.com/link/1h9dpjb/video/ph62fq3lwk5e1/player  ",1,4
1h8ud6y,What is your worst habit right now?,"Valorant Coach Here  Let me know in the comments what you believe is the worst habit you have in game at the minute. This can be something like; crouch spraying, dry peeking, or anything you feel you do that would be better changed.  I will do my best to help where I can.",160,268
1h8sdz2,It's not hard to climb till diamond or ascendant ,"It's not your skills it's your setup you can get to diamond or ascendant even with basic aim and game sense. I am saying that because I have seen it and even experienced it first hand, so I was stuck  on bronze while I was playing on my laptop on a 60hz 16inch panel then I upgraded to a 240hz 26inch monitor and climbed to diamond in just 2 months same happened with one of my friend he was hard stuck gold and after upgrading he climbed to ascendant ",0,30
