Post ID,Title,Post Content,Upvotes,Comments
1hwvit0,"very sloppy gameplay on my part, but still managed to get a 4K 🙂‍↕️",Was in a swiftplay with the homies and they just slid back and let me get head / body taps. Trying to learn not to just shoot sporadically and simply tap and shoot to reserve ammo; my bad if you see me just shooting all over the place.,1,0
1hwv4tu,Amazing Ace,,1,0
1hwuir7,The fumble of the century,,1,0
1hwrnaf,Those one Taps just aaaaaaah,,14,0
1hwqk0h,Cypher util = Ace,,2,0
1hwpb97,"Pocket Sage? No, Pocket Deadlock (Volume Warning)",,49,2
1hwohix,When the 16 assist sage locks in last round ,,2,1
1hwo2i4,First time posting. I don't know how this Reyna didn't see me lmao,,7,2
1hwn4jl,Finally got a nice sheriff clip,,12,0
1hwl71o,Thats enough right clicking for the season,,413,7
1hwkhrx,Ninja Defuse 1v5. Was it a game sens or just dumb luck? (immo 1 rank).,,294,46
1hwk5r4,"I timed my teleport with Brimstone's ultimate voice line and used it; with in-game sounds, Omen's teleport is very powerful.",,64,5
1hwk3vf,That second kill im also surprised :D,,5,1
1hwjyrl,Don't ask me why it is 4K again :D,,69,8
1hwhwvs,First time getting an Ace using this wall method,,269,16
1hwhjh7,1v4 yoru gameplay,,19,1
1hwhfvh,I guess It's time for me to retire now ,,830,68
1hwhbs8,"My wingman said ""you go in yourself""",,210,18
1hwg540,astra got to the enemy clove,,20,2
1hwfhe4,A 1v5 and a 0.01 diffuse,"This clip is from a few years back, my aim wasn't that good and I would panic a lot. Didn't know what to do in this situation but managed to Ace & land a 0.01 second defuse. What do you guys think ?",793,34
1hwfc4c,Can I Ace This Unrated Round? | Clutch MomentsandEpic Rounds Valorant Unrated Gameplay! @khiladiag,"Hello guys!  I'm new to this community, and I'm sharing my gameplay to you all, please check it out and  Please support me guys 🙏🏻 I'll give my 100% to my videos. I need more subscribers and viewers. ",0,0
1hwe098,The ace that never was,,0,2
1hwdb1a,Newbie has sus gameplay,"Hey people! I recently got a mate into valorant and I’ve been helping him with tips and mechanics. He sometimes sends me clips and recently I got this clip where he re-transitioned 2 times mid spray, which seems a bit un-natural to me. I need some second opinions.  Appreciate the help in advance",0,10
1hwcnsg,Kind of surprised this Fracture spawn cam is still possible,,166,8
1hw8w7c,Crazy 4k with headhunter ,,32,6
1hvpzlj,How do u hit in long range?,Basically the title I can't even see mfs standing that far let alone clipping them😭 how do yall even hit them. I generally get tag and just end up dying while I can't even see their head properly.,1,14
1huao5o,Had a nasty matchup in unrated,"Link : [https://imgur.com/a/ElblsoY](https://imgur.com/a/ElblsoY)  Me and my friend started an unrated together ( i was the clove) , we are bronze and silver . I did expect some rank disparity but damn this is high. Didn't record coz i had no idea. I am glad they weren't tryharding.",0,4
1htvsb3,Server being buggy since yesterday,"I don’t know what is happening, I was blasting with yoru 4-5 days ago even caught cheaters offguard and now the game decided to be buggy af. I don’t know if this is a server side issue or what but I throw a flash picking the strongest weapon option on, gigachad yoru thinks he has a throwing knife. I ult, knife, I tp, knife. Like what do bro want. I wanted to clone at the start of an eco round bro ripped the frenzy in half and was standing with it as a metal bender or idk. People kill me standing backwards with a sheriff, again this happened today atleast 4 times. Bro is literally watching national geographic with the best views and I get a headshot randomly and he keeps rotating towards where he was going. I throw a flash on a wall/the ground/flat surface bounces backwards towards my face.  It feels like Im getting punished like when you were cheating in warzone and whenever you landed it counted maximum fall damage.  I would disable comp if it is this buggy, I don’t know what riot is cooking but they gave me atleast 3kg of salt beside a 2ml soup.  My duo, clove/kj throwable in hand, throws it, doesn’t get casted midway stops, must equip a weapon to get back to the ability and try to use it again.  Once you tryna cast something the game just says hey, that’s not gonna happen. And you know how they made yoru, like every ability is a throwable.  Just on my last match I’ve seen multiple vandals from people who died the last round.  And the weirdest one was a Gekko that was running and crouching backwards, not walking like u usually see someone he became somewhat of a skinwalker, knees in it’s neck.  Since yesterday the game is more like a horror game then a competitive experience.",1,1
1htraz9,How do I improve ????,"Val console player here :  I've been consistently in Gold 3 lately, which often puts me in lobbies with Plat, Diamond, and even Ascendant players.   Compared to them, I feel significantly slower in my reactions and overall gameplay.   While I've primarily relied on ADS, it hasn't been a major hindrance until now. However, facing these higher-skilled opponents has highlighted the need for improvement in my overall speed and responsiveness.  Any tips ???",3,3
1htqs77,Some Yoru gameplay,,31,5
