Post ID,Title,Post Content,Upvotes,Comments
1hwve54,"Was Gold 3 last season, and just placed Bronze 2 in V25. That's it, I'm officially quitting.","Clearly I'm totally washed out because I can't seem to hit *any* shots, and I can't win any of my gunfights. I feel like my aim has totally fallen off and I'm playing like an iron player. I basically forgot how to play this game.      I was Gold 3 last season, and I just finished my placement games for this V25 season and placed Bronze 2 lmao. Anybody else seem to lose their skill and gotten worse over time?",0,2
1hwu497,I genuinely don't think Tejo is broken.,"So his util does exactly what the Devs say it should do, no more.  His util causes damage, but it's so slow, that it just pushes people out of the way.  His drone is easier to use than Sova's but it doesn't as easily see people and doesn't give as much info. It can suppress like a Kayo knife, but if they get out of line of sight (which is fairly easy to do) it's fine. And odds are you suppress one.  His ult is so slow moving, you can get out more than half of the time unless you tucked yourself into a corner that you aren't able to get out of one way (which honestly, if you're in higher elo, you should get traded from a position like that anyway)  His stun is very straightforward. I think everyone believes that is a fine piece of util.  His trademark is the most questionable because of its refresh time, but honestly, similar to the ult, it is more likely to just push people out than kill.  The only problem I truly see with him is not that any of his kit is busted. The only problem I see is that his kit is so versatile, I don't see why a team would ever not use him in their comp.",21,30
1hwsu80,About the new bundle ,"What was Riot thinking? This new Ex.o bundle doesn’t have any unique reload or pullout animations (they're copied from Singularity 2 and Araxys) and looks like the Comet skin with some VFX, yet it’s still the same price as Kuronami. The only exception is the melee, but even that doesn’t justify it.",7,15
1hwspn9,Valorant Agent Select Change,"Valorant should have an option once somebody locks an agent to unlock the agent. It would create less toxic pre matches of people locking 3 duelists at the same exact time or whatever the case may be. Rainbow Six does this and it just makes sense. Pick who you want. Oh you picked jett but another teammate explains he's a 1k hour jett one trick, ""sure bro take Jett"" rather than the classic ""wow bro why'd you insta lock my main now I'm throwing""  There's just no logic in not doing it this way other than Riot trying to enforce people to discuss before locking, which is a weird thing to force people to do but we all know there's ALWAYS gonna be insta locks, and I am one of those people at times lmao we all are. But at times it ends up creating toxicity before the game even starts and the fix is beyond simple.   Riot of all companies breaks their backs trying to avoid toxicity so much so they removed 4 stacking from the game because quote ""4 stacks create too much of a toxic environment for the solo player"" LOL anyway point being if they go to those lengths then a simple lock/unlock agent button should be right there in that discussion. ",2,6
1hwrlqv,Valorant community is getting worse ," I’ve heard countless people praise the Valorant community for being “nicer” than other competitive games, but honestly, I’ve had the opposite experience. The toxicity I’ve seen in this game goes beyond just someone being mad over gameplay. It’s filled with cringe usernames, inappropriate comments, and straight-up vile behavior that Riot doesn’t seem to address.  Just today, I encountered players openly making disgusting, predatory remarks, with others supporting them. This isn’t an isolated incident—it happens far too often. Yet, whenever I bring it up, the response is always, “Just mute them.” How is that a solution in a communication-based competitive game where teamwork and callouts are essential? It’s like people expect you to sacrifice proper gameplay just to avoid hearing the cesspool of toxicity.  Valorant might market itself as a safe, inclusive space, but the reality is far from it. Sure, there are decent players here and there, but they’re overshadowed by the sheer number of people who think their behavior is excusable. I’m genuinely tired of hearing people claim this community is “better” when my experience says otherwise.  Muting isn’t enough when the core issue is the culture Riot has allowed to fester. Competitive games don’t have to be like this, and yet here we are. Am I the only one who feels this way?",1,11
1hwr6e2,rubik's cube flex cosmetic...,A rubik's cube flex cosmetic would go SO insanely hard. I would buy that thing in a heart beat. Like just imagine solving a rubik's cube in between kills.,7,1
1hwqvbc,new agent,"hi guys im so excited bout new agent, hbu? does anyone know when new agent comes out?  looking forward to play valorant 24/7 again🤠  also how is everyone in this festive time of the year? ",0,7
1hwqss6,My thoughts on tejo,"Personally I like his move set. I like the drone being able to both suppress and reveal enemies making for a better Kay/o knife and sova drone. Haven’t used the grenade much but it seems like it would be useful. The salvos are cool and can really help control where enemy players move. As for the ultimate, I feel it could use some reworking. I feel like it takes too long to wind up before activating giving enemies enough time to flee before it strikes but I guess it can also work to manipulate enemy movement",2,5
1hwqgo1,Which valorant phantom skin is better; Radiant Entertainment system(RES) phantom or Nocturnal phantom? Help me choose one.,Hey guys so am pretty confused on which phantom skin should i go for. I have been using Reaver phantom for a year now and well it's good but got kinda bored....  Now am pretty confused between Radiant entertainment system (RES) phantom which has really good variants and inspect and Nocturnal phantom skin which i feel has really dope finisher and a nice sound and reload animation. So what do u guys feel i should opt for and which one is better.  [View Poll](https://www.reddit.com/poll/1hwqgo1),1,1
1hwq7ha,"This community is obsessed with crying ""cheats"" over any slightly ""off"" play someone makes","To be perfectly clear, I've never been accused of cheating, I'm a solid player for my rank (diamond) and rarely have ridiculous plays and I hardly ever top frag because I don't play duelists. I'm just so over people screaming and spamming ""nice cheats/aimbot/wallhacks"" whenever they can't believe a player is better than them. Instead of taking into consideration that their plays are predicteable, their aim is shit and they don't check corners or slice, and can't strife they immediately jump to screaming in voice chat to report someone. And not to defend Riot because their banning system sucks, but Vanguard is solid for what it is. I guess this is just a random vent but my god it just adds to my absolute distaste for this community as a whole, because half of the posts I see on here are related to cheating and in half of my games I have someone whinning on mic for 20 minutes to report the enemy reyna after dying to an obvious peek. Along with backseaters these people always scream on mic after dying instead of just giving info and shutting up when the round is not over. Not to mention how, coincidently, they never happen to have a cheater on their team but the enemy team always has one. Is cheating actually THAT common or are peoples egos not able to handle that a player in the same rank is just better than them?? ",1,41
1hwppbo,What’s that one valorant TikTok with the college kid who tells the story of how he was dissapointed when he heard a few of his peers on campus were iron in valorant.,In the video he goes on to say something along the lines of “you were smart enough to get into this uni how could you be that bad at anything” loooking for that TikTok cause it was funny asf. Maybe somebody can send it to me. ,0,1
1hwp9eb,New Hero Potential: Sidate/Cronus,"Hey y'all. Thinking of a new hero today and wanted some opinions.  Name: Cronus or Sidate(Side Eight like infinity)   Theme: Time    Role: Controller  Abilities:  Q: A concussive grenade that can go through walls to slow down enemies for a short period of time.   C: Speed Beacon that accelerates movement by 10% for a few seconds  E: Lobs a time zone that teleports any enemies hit back in time two seconds to where they were before. Can push them back through teleporters, yoru back before his teleport, on other sides of locked doors, etc. Does not change scenery.   X: A three second charge time in a zone around Cronus before stopping time for enemies caught in the area for 1 second.   Let me know what you think!",2,1
1hwp41k,Ranked gun buddy?,I just logged in to the new season and didn't get my ranked gun buddy from Act 9. Anybody know when the buddies get released or how to access them?,2,4
1hwoypo,I might've encountered a hacker.,"It felt so surreal and frustrating, I swear to god.  During the Defending side on Ascent, things SEEMED normal. We were dominating the enemy team until we reached 10-2. Then very suspicious things happened. The enemy Reyna, who was initially playing just about average, all of a sudden did incredibly suspicious things. The Astra would smoke for her, typically the entrance to site, and Reyna would just shoot through the smoke like she knows my team is there. Their Initiator didn't gather info for her, she just shot me like she knows I'm there, it isn't spraying through smoke, she tap fires as if she could see me.  At first, I gave her the benefit of the doubt that it was a lucky shot, but then suddenly things became more blatant, she scored constant multi-kills all by tapping through smokes, even getting a few Aces. And at one point, when me and my team tried to rush A site, their Skye Odin-sprayed through the Astra smoke before we are even able to get onto site, I suspect they were wallhacking. Their Reyna started getting ballsy and pushed aggressively and killed FOUR people in 1 round, and that's suspicions for aimbot as well. Of course, we lost the game 13-15, she got a 40 bomb. She dropped an ""ez"" and ""no cheat"" to rub salt on the wound.  I checked the Reyna's tracker(it was public), and she has a 34% headshot rate. I know 34% is not entirely impossible for people in Plat, Diamond or above, but this is a Silver 3 Player at about level 70+, so that's HIGHLY suspicious. I checked her previous matches, and it seemed....normal?? Some 20 bombs here and there, and even some losses and low frags. So, is she actually cheating or not? Smurfing might also be a possibility, but I dunno.",1,4
1hwmkyf,Ranked buddies,"Seeing as how they’re getting rid of ranks for yearly seasons, how do you think they’re going to do the ranked buddies now? Will it be every hard rank reset? And if so, what will it say on the buddies?",2,2
1hwmgxs,Will Tejo be the most brainless agent in the games history?,"I’ve been following/playing Valorant since Beta and this is the most broken/brainless Agent I’ve seen.   I know, we’ve heard this phrase being thrown around literally everytime there is a new agent (remember when people thought Harbor would be too OP?)   However, I think it’s actually true this time.    Every ability can be used without any real positioning. Sit back and watch you abilities do all the work. Drone AND supress, bounce stun, 210+210 damage from a click of a button and relatively long distances. I don’t even have to mention how stupid the Ult is. You can make all of this work from the back of main on Attack side, or backsite on Defense (maybe even further back)   This is literally a point and click agent. At least with other initiators you have to learn lineups (Sova, KAYO) or be careful of flashing your team (Skye, KAYO).   Even Chamber required at least SOME (keyword some) brain power in terms of positioning your TPs properly.    It’s almost like Valorant is trying to appeal to lower rank/new players (we all know why). You don’t have to spend time learning lineups or learn map positioning! Play Tejo!",0,16
1hwkn5u,Saw a change in the remake system soo,"So i saw the new remake system that riot proposed, and i did like a few changes which were:  \*Changing the remake design so it doesn't look like a surrender design  \*Requiring only 3 votes instead of the previous 4  Here are a few changes i'd like to see:  \*Adding a note on the place where you vote which says that no rr will be lost by you if you decide to remake, as i have seen an absurd amount of people who say ""ehh I don't want to lose RR bro, fuck you""  \*What is there is a 3 stack / 4 stack (unrated): Bringing down the player votes from 4 to 3 is better, but i think that there are instances in ranked where people 3 stack, so if there are 2 downvotes, there still won't be a remake.  To fix that, maybe riot can make it so that when a 3 stack or 4 stack (unrated) is detected, the number of votes required for a remake should be lowered.  \*Increasing the time to decide on a remake, as i have seen multiple instances where maybe another person is also afk so the team cannot remake.  \*Offering remake on round 3 as well if another person goes afk on round 2.  ",0,0
1hwjfv6,Can we get a compromise on the replay system?,In the latest Riot video about the replay system they talk about issues such as being able to see what you saw vs what the server saw. They also have said in the past that there are issues with certain elements not playing back correctly like doors. I can see why they would not want to release a replay system like that but I feel a lesser system would work great.  All that I would want is a replay system that only shows the 2D map the way we see it now in game but with the opponents visible as well. It shows utility usage well enough and the facing direction of everyone just fine. This replay system alone would be so helpful to find out how certain utility usage affects enemy decisions and also would allow us to see what kind of movements opponents make in order to find better timings.  I can wait for whatever complete replay system we get in the future but please let us at least have a simple way to analyze our games from the enemies perspectives for now.,2,3
1hwhkf8,Could someone tell me why the rr difference is so huge between me and my mate. Am I getting unfavored by the Val ranking system or is it simply him being favorized?,"(I'm the left more duelist/initiator heavy player, he's the right more sentinel player) The games are lined up to make it easier.      As the title says, I need someone to tell me why cause even though we're the same rank and I'm performing better then him almost every game, he still gets more rr / loses less rr and even if I gain more then him it's because I have almost double his combat score.       Primary example being me getting match MVP on Jett and he still gets basically as much -rr as me, or the kayo game where I had more then double his ACS but only got 5 more.   Am I missing something?  https://preview.redd.it/tt7q149u3rbe1.png?width=1684&format=png&auto=webp&s=b2d8d3c720d16bb5d880e9df8bdb200ed78a885c  ",0,8
1hwfloz,Thoughts on agent tejo?,"Hey fellow gamers what' are your thoughts on the new initiator tejo and  on what map do you think he'll be the best on also how does he stack up against sova, skye or breach",0,8
1hwezqb,"For those who keep talking about ""replay system"" in all if not most valo related socials.","Seriously please just stop ok they're working hard on it. I'm sick and tired of seeing every valo post have that phrase barely everywhere and it's not even a joke to begin with. Gosh i wish all the ""replay system"" replies, comments or whatever will be deleted. Just get obs, outplayed or any recording software if you want one so badly.",0,9
1hweyi0,Console QoL/Gameplay changes,"Not sure if it's been said before as I have joined recently, but unlike it's PC counterpart or even other Console shooters, being able to moving you character while in buy phases or even just viewing scoreboard should be a thing. I play decent amount of Sentinel, like Cypher and KJ, and the amount of times I just barely make it in time to site to my setup on the defensive end because I'm buying certain util or guns in the shop or just even viewing the scoreboard to look at economy and decide on how to play the round for my team is a little bit annoying.  Not sure if this has bothered anyone else, but I would greatly appreciate the Devs if they could implement this sooner or later. Like pulling up scoreboard shouldn't stop me from being able to move with the analog stick and maneuver the scoreboard with the d-pad, and likewise with the shop.  I'm also coming from other shooter games like Call of Duty and Marvel Rivals where viewing the scoreboard doesn't stop me from moving. ALSO, I know Console isn't the the ""ideal"" Valorant experience but it's what I have until I can save up for a PC -\_-",0,0
1hweijy,Reached Plat 3,"https://preview.redd.it/ndoelff93qbe1.png?width=1920&format=png&auto=webp&s=2766a4ffb7e4cd1fd7f49cc9e0834dc42483aea6  Started playing frm epi 1 act 2 , had a dual core pc reached G1 till episode 2 act 1 after the next act my pc gave up on me so didnt play for 3+ years , got a good laptop this year as i performed very good in my class 12 boards exam , started with valorant again frm november end got placed in silver 2 , and finally reached p3 by the end of the episode ",0,2
1hweaf5,Prices for cosmetic skins are ridiculous,"For any bundle, you HAVE to spend a hundred bucks for literal pixels. It’s not helping boost gameplay at all and only looks cool. If it were cheaper, I would get it. But spending $20 for a single skin in the shop that has a little bit of color and a kill animation is mind blowing. I genuinely cannot understand how people dump hundreds and thousands into their account, when you could use that money on literally anything else. Not to mention how nothing is truly yours in that game - if it gets shut down, or your account gets banned for something stupid. Poof. Thousands gone. If you believe the prices are justified, please, enlighten this poor old peasant.   And yes, I will pick up other peoples skins after the round. Because why would I spend money on it when other people did LOL. They are cool, I’m not denying that. I just feel the price is so crazy that I wonder why people ever buy any skins. Especially bundles. ",1,1
1hwe9ip,New Valorant Agents,"Hi peeps!!!1  I’m interested in learning new agents but i only play comp. Is there any easy agents that have a high skill ceiling i can play without being yelled at by my team?  I currently play Raze, Jett and Reyna and my peak rank is diamond 3",1,3
1hwdtxf,Just had a cheater detected in my console lobby 5 minutes ago,"The new update finally catching cheaters on console which is great , people really believe it was no cheating on console but others been saying this since Day 1",0,0
1hwdtw5,Damn how long ,,0,0
1hwdix4,Toxic Valorant experiences,So basically I played a game of swiftplay and then first round the enemy were at spawn and the skye was like why are we not getting them. And then 2 rounds later she has zero kills \[I usually never say this but it was getting late and I was kind of tilted\] and I say well can you get a kill and then talk? Then since they were four stacked they just started pouring insults at me like c\*nt and like many other words like get a diaper. Ofc what I said was not nice but the amount of stuff they had to say was just absolutely disgusting. I wasn't even saying oh your terrible but then they just got angry. Like it was actually crazy how people can say such stuff.     Any toxic experiences?,0,2
1hwcmbw,Crosshair placement question for peeking enemy that might peek you the same time. Should you preaim or curve the corner?,"We all know preaiming through walls is the best way to peek opponents. However let’s say in a close range 1v1 when both players know the location of the other and might swing anytime. How should your approach this when you peek?   Should you curve your cross hair around the angle to account for the fact they might swing you too or should you preaim to make least adjustments,",1,6
1hwchd1,Anyone else feel like playing overwatch/ marvel rivals has ruined their game sense in val?,"I’ve really been enjoying playing the new overwatch hero(hazard) and marvel rivals recently but have struggling to reintegrate myself into valorant after overwatch, then marvel rivals replaced my drove to play valorant. I tried to play a few matches of val and kept making iron-level mistakes and my aim feels off too, weirdly. Anyone else having a similar experience?",0,8
