Post ID,Title,Post Content,Upvotes,Comments
1hwjc5q,VCT Community Ranking,"With all the VCT regions starting in the next 2 weeks, I would like your input on where you would rate all the teams in their corresponding region.  When every region starts I will try to give an analysis of all the rankings that I have collected for the region.  I'm looking forward to everyone's opinion already! Big thanks in advance!  [https://forms.gle/pYcyvc8v5aTA6q1h7](https://forms.gle/pYcyvc8v5aTA6q1h7)",1,0
1hvvbuh,Need a VCT Team to Follow,Hey all! I'm new to valorant and looking to find a VCT team for the upcoming season. I am a Fade main but also play Phoenix and Omen comfortably. Relatively aggressive player. Is there a player or team that I should follow?? TIA :) ,4,8
1hsyysz,GREATER - a VCT '24 Montage -,,3,1
1hsincn,Thoughts on Valorant Game Changers?,hello all! i’ve been playing valorant for the past year and have really gotten into the game and also VCT. I’ve also been recently watching the game changers too and it’s amazing to see all these female identifying players provide a safe space for other women to view and look up to and provide inspiration for them.  However I’m a bit confused as to what the long term goal of this would be? Do you guys think Riot will eventually combine both the teams to the same league/tiers? Or will it always be exclusive to genders?   Lmk what y guys think!,0,10
1hrvl7g,All Gamers finalizes roster ahead of China Kickoff,,1,0
1hq97xj,TSM part with tdawgg and XXiF,,6,0
1hq01iu,Global Esports announces Deryeon,,0,0
1hpuova,join discord server for matches and prizes,would anyone like to join my dc soon we will start organizing valo matches and tournaments   [https://discord.gg/JregBwQcUA](https://discord.gg/JregBwQcUA),2,0
1houfnf,What are the disadvantages of streaming as a professional player?,"In Japan, many professional players believe that revealing their habits and character pools will lead to opponents coming up with countermeasures in the next tournament, so they don't stream. Is this a common belief in your country?(i use google translate)",0,21
1hnij7p,W or L Night Market ?!?! 🔥,,0,12
1hlyo1t,"JDG drops Viva, picks up MrCANI and Babyblue",,2,0
1hlvoah,Viva signs with Xi Lai Gaming,,5,0
1hls7f1,"[Tournament Announcement] Berryfam TTV Tournament Season 3 begins TOMORROW Dec 26, prize pool is $1,010",,1,0
1hklbm0,JDG Esports parts ways with sword9 and hypnotizing,,1,0
1hjt93x,TYLOO expands roster with slowly and 5cm,,17,5
1hj860n,Measuring consistency in VALORANT: A study,,3,0
1hj5tdh,Vct 2025 is coming which streamers are u guys gonna be watch?,I Usually watched Sliggy a lot cause he gives analysis midgame alot and help me understand what's going on in the game and the chat is nice. what about you guys?  :/,72,39
1hie3k7,TYLOO parts ways with coaching staff,,5,0
1hia3zq,neT captures Cloud9's final roster spot,,9,1
1hi9y6g,"[Tournament Announcement] SOOP Elite Cup 2024 begins TOMORROW Dec 21, prize pool is $4,616",,1,0
1hhsibk,Why pros don’t use OLED monitors?,"I’m looking to buy a new monitor and I saw an overwhelming majority of pros still use TN panels, especially Zowie ones. They already got the opportunity to try the newer high refresh rates OLED panels and perform well with it during VCT, so it’s not like it could be a fear of change.  OLED is far superior on paper in regards to input lag and motion clarity, so I don’t understand why so few pros are playing on OLED.",4,6
1hhq103,Where to buy tickets for VALORANT Masters Bangkok?,Hi everyone. How can I buy tickets for VALORANT Masters Bangkok if the website is sold out? Maybe there are some sites where tickets are still on sale?,1,1
1hhnvs8,Who is the best valo pro in your opinion? ,I was kinda thinking who is the best in the community. So thought that I should ask it to everyone. My fav is Tenz. ,80,146
1hhisvq,"[Tournament Announcement] Saudi eLeague 2024: Championship begins TOMORROW Dec 20, prize pool is $106,540",,1,0
1hhe42s,Gen.G add coach peri,,1,0
1hhcjsr,VALORANT Voice Comms Animated | VCT,,6,1
1hgsgi7,VCT Masters Bangkok 2025,"Do you think there’ll be ticket selling on the venue itself?  We managed to get tickets for February 27 and March 1 (since we’ll arrive at bkk the night of 26 so only the dates after are the matches we’re going to attend, luckily those dates are important matches), but we got no luck for the grand finals ticket, so far.  In case that we don’t get grand finals ticket at all, do you guys think there’ll be a screen outside for ppl who cannot enter the stadium/arena to watch? :< this is so sad",4,2
1hgrr6a,"[Tournament Announcement] VCT OFF//SEASON Spotlight Series 2024: Pacific begins TOMORROW Dec 19, prize pool is $50,000",,2,0
1hfq496,What are the top 3 skins used most by pros in VCT and why? Listed below the guns im looking for,"Top 3 Skin names for each of the guns   Phantom, Vandal Operator Sheriff Guardian Odin Classic Marshall Stinger  Spectre Judge Knife Ghost Frenzy ",8,12
1hfmnzo,Qatar Gamers,Looking for gamers in Qatar who wants to team up and try out some tournaments here. Let me know if anyone’s interested and message me. Thanks!,3,0
