Post ID,Title,Post Content,Upvotes,Comments
1hwqr85,I finished my Vyze Cosplay! ,,41,2
1hwci1y,Reyna fan art by me,"I created this Reyna fan art drawing as a farewell gift for a manager at work who plays this character; Then months later, suddenly bought by Riot in twitter.  https://preview.redd.it/2ensxs22ipbe1.jpg?width=1038&format=pjpg&auto=webp&s=7d4389f47cdf9834dcadd1d77ca591bb32f0cf9c  Reyna",551,42
1hwbfbp,How’s my art?,,185,21
1hw7gzn,My Clove,,53,0
1hw184b,Gekko’s abilities (made by me) ,I’m not a gekko main but I really love his companions! I made these on canvas with acrylic pens & some colored pencils. ,470,10
1hvucpg,My take on Omen as a human! (my art),,9,2
1hvli3o,i drew tejo :D,,570,10
1hu0hv7,If you put the cat spray on Sunset lamps it makes a perfect smiling face with a nose!,,1,1
1htcw5r,"They have very expensive taste! (Art By Me, Left cypher design by khaosssss on Tumblr)",,6,0
1htb8o2,Concept for a bulldog skin based off the hextech rifle from arcane,,6,2
1ht6nt5,Someone asked me to draw Omen. (I've never played and all they told me was he likes to knit) ,,89,2
1ht0a6j,"Probably never going to finish this, so here's what I made so far of the Protocol Vandal",,23,4
1hsgzwq,VALORANT x VINLAND SAGA,What if Valorant and Vinland Saga had a crossover?  ValoVinland by Fredinstein.  behance.net/fredinstein,6,0
1hsgp39,Concept Fanart - my passion project of this past year! 🧸🍦☺️,,9,5
1hscy53,I made the Ruination Vandal,,421,31
1hs6d57,I made this Crystally looking Vandal,,1649,97
1hs4g7t,My interpretation of Cypher’s face + the pains of my team dying before I can rotate (Art by me),,95,5
1hro3y2,I made the Protocol Bucky,,99,9
1hrnyid,I made a Blast-X Vandal,,636,23
1hrkqx5,I made the Oni Phantom from an alternate timeline,,142,17
1hqx87t,Working on my vyze cosplay,I hope i don't fail the paint job 😭 my pants for vyze possibly got lost in the laundry too so tis been a sad day ,171,4
1hqqwod,I made the Sovereign Phantom but shiny and red,,88,6
1hq1jx9,Final draft! How does it look? Rate it 1-10. What spray should I do next?,,118,6
1hq0c62,"First draft of the ""drop it"" spray. How does it look?",,109,6
1hps8fj,Created a 3d model of a knife taking reference from the Revear knife. Do let me know how it looks,,439,26
1hpk0n8,Gekko Cosplay by me featuring the crew,The gang's all here! I'll be applying the tattoos later for the con but I love my little crew and wanted to share! 💛💙💚🩷,1636,41
1hovyfa,"I 3D printed a Baby Wingman. Next, I gotta paint this little buddy.",,397,19
1hojiah,Wanted to share my Viper cosplay,,6,6
1hod627,Meet Verglas! Art by me.,"This is Verglas, the Canadian cold radiant. His kit is built around being able to slow the enemy’s push and trap any enemy that enters his terrain. He is a mix of controller and sentinel.",2,2
1ho8jir,Bundle concept I made instead of being productive. Cthulhu bundle,"Around June I started working on a bundle based on a gun concept I made from November 2023; however despite good progress if a little slow because because had actual things to deal with my tablet completely bricked. It was a slow piece of shite regardless but It brought this little hobby of mine to a screeching halt. I can't afford a new one so here is a compile of the whole idea and how far me and some friends who were just there for ideas got. The below link is the original doc where I outlined plans and the one below it the the full concept for the marshal, art wise at least we planned on making everything from finishers and whole animations.   Original Design outline:  [https://docs.google.com/document/d/1HMMbGLZyNj60SW5nukYl7cvbTGJcsS\_r7JjZp1BoTT4/edit?pli=1&tab=t.0](https://docs.google.com/document/d/1HMMbGLZyNj60SW5nukYl7cvbTGJcsS_r7JjZp1BoTT4/edit?pli=1&tab=t.0)     Marshal:  [https://docs.google.com/document/d/1rWRbQglsYaSbhEhdpPV05BQOZv-7ddH\_ZPIfT0EOqNE/edit?tab=t.0](https://docs.google.com/document/d/1rWRbQglsYaSbhEhdpPV05BQOZv-7ddH_ZPIfT0EOqNE/edit?tab=t.0)",4,1
