Post ID,Title,Post Content,Upvotes,Comments
1hwq7g9,2025 is going to be AMAZING for the game (RR Rollbacks),This is a lifechanger but I think they should make it so if the player is from your party you will not get rr?,2,2
1hwq3g3,"ITS HERE, No not the Replay System",- They finally made the remake system automatically open when a player leaves. -Now we only need 3 people to Remake  This is fr a gamechanger,0,0
1hwp8b5,Maintenance is over!,Just a PSA for everyone that was waiting on servers to be back up! Get back in there people! Tejo is here! :D,13,9
1hw4u1z,VALORANT Season 2025 Infographic // Dev Updates Summary ,"[Infographic summary of the dev updates](https://preview.redd.it/w46m0cgrknbe1.jpg?width=1471&format=pjpg&auto=webp&s=b36a2a53d2785d38c3d361864409203f3c757740)  TLDR: Content cadence remains the same, 6 acts per year (new BP, map rotation with each act), ranked shields, 2 more new agents, 5th anniversary celebrations at TORONTO.",6,5
1hvxvmt,What’s New for Season 2025 // Dev Updates - VALORANT,"On the official Valorant channel, the newest and most recent [dev diary](https://www.youtube.com/watch?v=YpNsGFd74fk) was released, giving an idea of ​​what will be present and being focused on appearing in this new stage of the game in 2025.  Points covered were **agents, gameplay, ranked** **and competitive, player behavior, replay system and Esports.**  [https://www.youtube.com/watch?v=YpNsGFd74fk](https://www.youtube.com/watch?v=YpNsGFd74fk)",12,0
1hvxmey,What’s New for Season 2025 // Dev Updates - VALORANT,,90,29
1hvthrh,Welcome to Season 2025 - Valorant!,,158,93
1hvssbx,Valorant Patch Notes 10.0,,500,254
1hvmo9d,NVIDIA Reflex 2 supposedly will decrease latency and is coming to Valorant ,,207,47
1hv3p8q,VALORANT EX.O Edge Katana (New Bundle),,613,61
1hv13it,Tejo Official Gameplay Reveal,,819,186
1hv0dnm,"Introducing FLEX, a new Cosmetic Type",,3007,591
1huzq9q,INITIATE.V25 // Season 2025 Kickoff Trailer - VALORANT,,251,37
1huekxx,VALORANT // Agent 27 - 'Tejo' Teaser #4,"The last teaser before the countdown reaches zero. The title of the post, ""UNO"", translates to ""ONE"" and shows the agent's silhouette with a little more detail and an open-air setting.  Based on the references, this is probably Bercy, France, where it links directly to the first teaser, where Jett and Chamber appear to be inside a cathedral.  The fact that he is at a higher elevation level may be related to the first teaser of his shorts inside the plane before jumping, indicating that there may be something about ""altitude"" in one of the agent's concepts perhaps.  [https://x.com/VALORANT/status/1875965563861655779](https://x.com/VALORANT/status/1875965563861655779)",38,6
1httmhv,Valorant // Agent 27 - 'Tejo' Teaser #3,"Riot posted on its official Twitter account a third teaser about the future agent coming to the game, Tejo, at the beginning of Act I of Episode 10  The title of the post, ""DOS"", translates to ""TWO"" and shows a brief excerpt of a **detonation device** being activated by the agent, indicating that some of his skills could have something related to explosions somehow.  [https://x.com/VALORANT/status/1875603293897908694](https://x.com/VALORANT/status/1875603293897908694)",30,9
1hsttl2,VALORANT Agent 27 - Tejo // Teaser #2 ,"Riot posted another [teaser](https://x.com/VALORANT/status/1875240982322479209) about the new agent on it's official Twitter.  Its official name has been revealed and will be called **""Tejo"".**   ""Tejo"" can be reference to a traditional Colombian game where players throw a metallic disc, called a ""tejo"", towards a clay board located several meters away. The goal is to hit a metallic ring that contains small gunpowder charges, which create a characteristic popping sound upon impact. This matches the character's long-distance theme previously shown on the ""Striking Distance"" card.  The teaser shows a short section where you see one of the agent's skills, a demonstration of the emblem present on the ""Striking Distance"" card being launched at high speed and leaving a trail of some type of translucent structure. Raze and Phoenix appear to be seen hiding behind carts for a brief moment.  The post's title is ""TRES"", which means ""three"".  [https://x.com/VALORANT/status/1875240982322479209](https://x.com/VALORANT/status/1875240982322479209)",8,8
1hsk8xp,"VALORANT Agent 27 - ""GlassTech"" // Teaser #1","Early on, Valorant official Twitter account posted a short excerpt. It is not known exactly where they are, but it is possible to see Chamber and Jett running down a corridor to an exit where there is a courtyard lit by the sun.  At the end of the corridor, you can see a small insect-shaped drone with two wings on the floor, similar to a bee or beetle.  It seems to run away after seeing them.  Most likely it is an excerpt from a future cinematic or agent teaser. The word ""CUATRO"" in the title translates to ""[FOUR](https://x.com/VALORANT/status/1874878571048468636)"" and a countdown of sorts, as episode 10 Act I will begin on January 7th of this month.  For now, we do not have a confirmed name for the agent.  [https://x.com/VALORANT/status/1874878571048468636](https://x.com/VALORANT/status/1874878571048468636)",18,4
1hi18v1,"News about the Replay System Coming in Early 2025, According to Riot Games France","In a [video released recently,](https://youtu.be/FULQGcGS9dE?si=jtCEgOv7jCDcnyzY&t=96) VALORANT France did a video answering some FAQ, notably concerning the Replay System that was [already shown earlier this year.](https://youtu.be/KHREYcS3RqU?si=K0Yjs9LTpWKQtBKu&t=639)  >We are also really looking forward to the replay mode coming to Valorant, and I can confirm that it is indeed in preparation. All I can tell you for now is that our developers are aware of your requests, and more information about the replay mode should be shared at the beginning of 2025.  ",248,66
1hb3edj,RE:FUEL // ARAXYS Skin Reveal Trailer,,239,50
1hb2srr,VALORANT // 9.11 Patch Notes,"The new patch note includes the previously announced **changes for Neon**, as well as **Vyse's QOL improvements and razorvine's buff** and the **addition of the new ping system**. Videos were incorporated into the official site article showing how it works in-game.  [https://playvalorant.com/en-us/news/game-updates/valorant-patch-notes-9-11/](https://playvalorant.com/en-us/news/game-updates/valorant-patch-notes-9-11/)",426,184
1h9v762,VALORANT // New Agent 27 Teaser (Initiator),"The next agent will be an **initiator**, from somewhere in Latin America, Colombian.  It will be released at the beginning of Episode 10 Act I. It references the ""Striking Distance"" card present in the Episode 9 Act III Battle Pass and has bee design inspirations. You can see the emblem from the teaser card being picked up on the table at the beginning.  His in-game name in the files is listed as ""GlassTech"".  [https://www.youtube.com/shorts/bZsPkbd9RQE](https://www.youtube.com/shorts/bZsPkbd9RQE)",424,110
1h84w7b,Patch 9.11 confirms neon slide and ult nerfs along with vyse buffs and also a ping nerf,,318,248
1h0k5f3,VALORANT News // VCT 2025 Season Start: Official Schedule,"Riot officially announced the entire 2025 VCT schedule: Its members, format and dates.  As previously stated, Champions 2025 will be in **Paris**, now scheduled to take place between **09/12 to 10/05** of the same year.  Each First International League Kickoffs will be taking place between **January 11th and February 9th.**   International League Kickoff Start Dates:  * **January 15** \- VCT EMEA * **January 11** \- VCT CN * **January 16** \- VCT Americas * **January 18** \- VCT Pacific  For more information about the event, see the full article:  [https://valorantesports.com/en-GB/news/vct-2025-season-start-eyntk](https://valorantesports.com/en-GB/news/vct-2025-season-start-eyntk)",8,2
1gwluiz,Game Designer Dan Hardison Talks About Why Omen Was Nerfed,,122,41
1gvxzpe,The servers are shut down,Idk why but all Europe servers shut down it’ll show that they are okay but you can’t ready up idk about other regions like na or asia ,150,37
1gv00og,"New agent leak in update patch vid @ 0:42 (go to valorant yt channel then shorts, should be one of the 5 latest vids",,5,6
1guy34t,9.10 Patch Notes,"[https://playvalorant.com/en-gb/news/game-updates/valorant-patch-notes-9-10/](https://playvalorant.com/en-gb/news/game-updates/valorant-patch-notes-9-10/)   tl;dr  AGENTS  Sage   Q: Stronger slow effect for duelist dashes (Jett dash and Neon slide), for example Jett used to be able to dash clear of the slow, now she remains inside the slow AoE after dashing   E: Self heal from 30 to 50 hp, heals in 5 seconds   X: Ult cost from 8 to 7  Cypher   C: 0.5s delay between you activating the trip and you actually getting shown to the enemies   X: Ult cost from 6 to 7  Phoenix   Aforementioned changes, E (now the flash) costs 250, Q (now the molly) costs 200, and you no longer have to stay in his fire to heal  Deadlock   X: If you get caught and get stuck on a ledge or behind a wall, you will still die even if the ult doesn't pull you back to where the Deadlock shot the ult from, unless your teammates break you out  Jett   Spacebar: Can no longer use Drift (float in the air slowly falling down) when suppressed or detained  Omen   E: Removed oneways based on map geometry. Baseline is if you can't do said one way with Brim/Clove, then it got removed, for example Ascent A site door one way  Clove   E: Made it easier to tell between friendly and enemy smokes  GUNS  All pistols except Shorty received moving while crouching inaccuracy nerf, Classic, Ghost, all rifles and all machine guns received walk and run inaccuracy nerfs  Frenzy   Ammo count increased from 13/39 to 15/45  Ghost   Ammo count decreased from 15/45 to 13/39  Phantom   Damage drop off buffed   Headshots WERE 0m-15m | 15m-30m | 30m-50m   156            140              124   Headshots NOW 0m-20m | 20m-50m   156            140  New REGEN ARMOR COSTS 650   Armor absorbs ALL DAMAGE before the agent's actual hp starts getting reduced  STUNS reduces Jett dash and Neon slide speed by 50%",830,400
1guxrkq,"Massive VALORANT 9.10 patch brings Regen Shield, Phoenix buffs, and more",,983,321
1gp61ce,Riot Penguin confirms Neon changes are coming,"Riot game designer has confirmed neon changes are coming!  [https://x.com/penguinvalorant/status/1856107886822437055?s=46&t=rJHfd9kvlSxvGfODZ2AkWw](https://x.com/penguinvalorant/status/1856107886822437055?s=46&t=rJHfd9kvlSxvGfODZ2AkWw)  “For what it's worth - we agree that Neon is too strong as well.  We're working on some adjustments to balance out the parts that feel overpowered while maintaining her grounded movement combat fantasy. These changes are coming in patch 9.11.” - u/penguinVALORANT  The confirmation of upcoming changes to Neon thankfully finally addresses long-standing concerns from the pro players and rest of the community regarding her currently ""broken kit"". ",1025,187
1gke4t7,VALORANT // Riot is working on a gifting system for the game,"Initially posted on the Valorant Leaks & News Twitter, A ""gift icon"" was found within the game's files, speculating a future gifting system to be added.  **This feature is still being developed**, but it will have the possibility of gifting other players with specific items or bundles of your choice, probably from your friends list. This will be present in both PC and console version.  This function was a long-standing consideration, dating back to the time of the old Q&A, where one of the DEVS responded to the possibility of adding this feature in an uncertain future. This info can be seen with more details in the video below (Credits to the Youtuber [Kanga](https://www.youtube.com/@KangaValorant)):  [https://www.youtube.com/watch?v=M8x5Jo4EOTk](https://www.youtube.com/watch?v=M8x5Jo4EOTk)",468,78
